{"v":"5.1.3","fr":60,"ip":0,"op":90,"w":150,"h":150,"nm":"Heart","ddd":0,"assets":[],"layers":[{"ddd":0,"ind":1,"ty":4,"nm":"Heart","sr":1,"ks":{"o":{"a":1,"k":[{"i":{"x":[0.2],"y":[1]},"o":{"x":[0.6],"y":[0]},"n":["0p2_1_0p6_0"],"t":20,"s":[0],"e":[100]},{"t":30}],"ix":11},"r":{"a":0,"k":0,"ix":10},"p":{"a":0,"k":[75,73.723,0],"ix":2},"a":{"a":0,"k":[63.053,54.027,0],"ix":1},"s":{"a":1,"k":[{"i":{"x":[0.2,0.2,0.2],"y":[1,1,1]},"o":{"x":[0.6,0.6,0.6],"y":[0,0,0]},"n":["0p2_1_0p6_0","0p2_1_0p6_0","0p2_1_0p6_0"],"t":20.02,"s":[0,0,100],"e":[110,110,100]},{"i":{"x":[0.406,0.406,0.2],"y":[1,1,1]},"o":{"x":[0.6,0.6,0.6],"y":[0,0,0]},"n":["0p406_1_0p6_0","0p406_1_0p6_0","0p2_1_0p6_0"],"t":35,"s":[110,110,100],"e":[97,97,100]},{"i":{"x":[0.833,0.833,0.833],"y":[1,1,1]},"o":{"x":[0.167,0.167,0.167],"y":[0,0,0]},"n":["0p833_1_0p167_0","0p833_1_0p167_0","0p833_1_0p167_0"],"t":45,"s":[97,97,100],"e":[100,100,100]},{"t":50}],"ix":6}},"ao":0,"shapes":[{"ty":"gr","it":[{"ind":0,"ty":"sh","ix":1,"ks":{"a":0,"k":{"i":[[0,0],[12.666,12.666],[12.702,-12.608],[0,0],[0,0],[0.781,0.781],[0,0],[0,0],[12.666,-12.666],[-12.608,-12.702],[0,0],[0,0],[-1.563,1.563],[0,0],[0,0]],"o":[[12.608,-12.702],[-12.666,-12.666],[0,0],[0,0],[-0.781,0.781],[0,0],[0,0],[-12.703,-12.608],[-12.666,12.666],[0,0],[0,0],[1.562,1.563],[0,0],[0,0],[0,0]],"v":[[50.195,4.8],[50.109,-41.084],[4.226,-41.169],[4.223,-41.172],[1.372,-38.319],[-1.458,-38.319],[-4.223,-41.084],[-4.225,-41.082],[-50.109,-40.997],[-50.195,4.887],[-50.197,4.89],[-2.872,52.214],[2.786,52.214],[45.931,9.069],[50.198,4.802]],"c":true},"ix":2},"nm":"Caminho 1","mn":"ADBE Vector Shape - Group","hd":false},{"ty":"fl","c":{"a":0,"k":[0.164705882353,0.580392156863,0.839215686275,1],"ix":4},"o":{"a":0,"k":100,"ix":5},"r":1,"nm":"Preenchimento 1","mn":"ADBE Vector Graphic - Fill","hd":false},{"ty":"tr","p":{"a":0,"k":[63.052,54.027],"ix":2},"a":{"a":0,"k":[0,0],"ix":1},"s":{"a":0,"k":[100,100],"ix":3},"r":{"a":0,"k":0,"ix":6},"o":{"a":0,"k":100,"ix":7},"sk":{"a":0,"k":0,"ix":4},"sa":{"a":0,"k":0,"ix":5},"nm":"Transformar"}],"nm":"Grupo 1","np":2,"cix":2,"ix":1,"mn":"ADBE Vector Group","hd":false}],"ip":20,"op":75,"st":5,"bm":0},{"ddd":0,"ind":2,"ty":4,"nm":"Heart 2","sr":1,"ks":{"o":{"a":1,"k":[{"i":{"x":[0.6],"y":[1]},"o":{"x":[0.8],"y":[0]},"n":["0p6_1_0p8_0"],"t":42,"s":[100],"e":[0]},{"t":65}],"ix":11},"r":{"a":0,"k":0,"ix":10},"p":{"a":0,"k":[75,73.723,0],"ix":2},"a":{"a":0,"k":[63.053,54.027,0],"ix":1},"s":{"a":1,"k":[{"i":{"x":[0.2,0.2,0.2],"y":[1,1,1]},"o":{"x":[0.6,0.6,0.6],"y":[0,0,0]},"n":["0p2_1_0p6_0","0p2_1_0p6_0","0p2_1_0p6_0"],"t":42,"s":[97,97,100],"e":[125,125,100]},{"t":65}],"ix":6}},"ao":0,"shapes":[{"ty":"gr","it":[{"ind":0,"ty":"sh","ix":1,"ks":{"a":0,"k":{"i":[[0,0],[12.666,12.666],[12.702,-12.608],[0,0],[0,0],[0.781,0.781],[0,0],[0,0],[12.666,-12.666],[-12.608,-12.702],[0,0],[0,0],[-1.563,1.563],[0,0],[0,0]],"o":[[12.608,-12.702],[-12.666,-12.666],[0,0],[0,0],[-0.781,0.781],[0,0],[0,0],[-12.703,-12.608],[-12.666,12.666],[0,0],[0,0],[1.562,1.563],[0,0],[0,0],[0,0]],"v":[[50.195,4.8],[50.109,-41.084],[4.226,-41.169],[4.223,-41.172],[1.372,-38.319],[-1.458,-38.319],[-4.223,-41.084],[-4.225,-41.082],[-50.109,-40.997],[-50.195,4.887],[-50.197,4.89],[-2.872,52.214],[2.786,52.214],[45.931,9.069],[50.198,4.802]],"c":true},"ix":2},"nm":"Caminho 1","mn":"ADBE Vector Shape - Group","hd":false},{"ty":"fl","c":{"a":0,"k":[0.164705882353,0.580392156863,0.839215686275,1],"ix":4},"o":{"a":0,"k":100,"ix":5},"r":1,"nm":"Preenchimento 1","mn":"ADBE Vector Graphic - Fill","hd":false},{"ty":"tr","p":{"a":0,"k":[63.052,54.027],"ix":2},"a":{"a":0,"k":[0,0],"ix":1},"s":{"a":0,"k":[100,100],"ix":3},"r":{"a":0,"k":0,"ix":6},"o":{"a":0,"k":100,"ix":7},"sk":{"a":0,"k":0,"ix":4},"sa":{"a":0,"k":0,"ix":5},"nm":"Transformar"}],"nm":"Grupo 1","np":2,"cix":2,"ix":1,"mn":"ADBE Vector Group","hd":false}],"ip":42,"op":118.2,"st":27,"bm":0},{"ddd":0,"ind":3,"ty":4,"nm":"Heart 4","sr":1,"ks":{"o":{"a":0,"k":100,"ix":11},"r":{"a":0,"k":0,"ix":10},"p":{"a":0,"k":[75,73.723,0],"ix":2},"a":{"a":0,"k":[63.053,54.027,0],"ix":1},"s":{"a":0,"k":[100,100,100],"ix":6}},"ao":0,"shapes":[{"ty":"gr","it":[{"ind":0,"ty":"sh","ix":1,"ks":{"a":0,"k":{"i":[[0,0],[12.666,12.666],[12.702,-12.608],[0,0],[0,0],[0.781,0.781],[0,0],[0,0],[12.666,-12.666],[-12.608,-12.702],[0,0],[0,0],[-1.563,1.563],[0,0],[0,0]],"o":[[12.608,-12.702],[-12.666,-12.666],[0,0],[0,0],[-0.781,0.781],[0,0],[0,0],[-12.703,-12.608],[-12.666,12.666],[0,0],[0,0],[1.562,1.563],[0,0],[0,0],[0,0]],"v":[[50.195,4.8],[50.109,-41.084],[4.226,-41.169],[4.223,-41.172],[1.372,-38.319],[-1.458,-38.319],[-4.223,-41.084],[-4.225,-41.082],[-50.109,-40.997],[-50.195,4.887],[-50.197,4.89],[-2.872,52.214],[2.786,52.214],[45.931,9.069],[50.198,4.802]],"c":true},"ix":2},"nm":"Caminho 1","mn":"ADBE Vector Shape - Group","hd":false},{"ty":"fl","c":{"a":0,"k":[0.941176470588,0.945098039216,0.949019607843,1],"ix":4},"o":{"a":0,"k":100,"ix":5},"r":1,"nm":"Preenchimento 1","mn":"ADBE Vector Graphic - Fill","hd":false},{"ty":"tr","p":{"a":0,"k":[63.052,54.027],"ix":2},"a":{"a":0,"k":[0,0],"ix":1},"s":{"a":0,"k":[100,100],"ix":3},"r":{"a":0,"k":0,"ix":6},"o":{"a":0,"k":100,"ix":7},"sk":{"a":0,"k":0,"ix":4},"sa":{"a":0,"k":0,"ix":5},"nm":"Transformar"}],"nm":"Grupo 1","np":2,"cix":2,"ix":1,"mn":"ADBE Vector Group","hd":false}],"ip":75,"op":90,"st":-15,"bm":0},{"ddd":0,"ind":4,"ty":4,"nm":"Heart 3","sr":1,"ks":{"o":{"a":1,"k":[{"i":{"x":[0.2],"y":[1]},"o":{"x":[0.6],"y":[0]},"n":["0p2_1_0p6_0"],"t":15,"s":[100],"e":[0]},{"t":35}],"ix":11},"r":{"a":0,"k":0,"ix":10},"p":{"a":0,"k":[75,73.723,0],"ix":2},"a":{"a":0,"k":[63.053,54.027,0],"ix":1},"s":{"a":1,"k":[{"i":{"x":[0.2,0.2,0.2],"y":[1,1,1]},"o":{"x":[0.6,0.6,0.6],"y":[0,0,0]},"n":["0p2_1_0p6_0","0p2_1_0p6_0","0p2_1_0p6_0"],"t":15,"s":[100,100,100],"e":[20,20,100]},{"t":35}],"ix":6}},"ao":0,"shapes":[{"ty":"gr","it":[{"ind":0,"ty":"sh","ix":1,"ks":{"a":0,"k":{"i":[[0,0],[12.666,12.666],[12.702,-12.608],[0,0],[0,0],[0.781,0.781],[0,0],[0,0],[12.666,-12.666],[-12.608,-12.702],[0,0],[0,0],[-1.563,1.563],[0,0],[0,0]],"o":[[12.608,-12.702],[-12.666,-12.666],[0,0],[0,0],[-0.781,0.781],[0,0],[0,0],[-12.703,-12.608],[-12.666,12.666],[0,0],[0,0],[1.562,1.563],[0,0],[0,0],[0,0]],"v":[[50.195,4.8],[50.109,-41.084],[4.226,-41.169],[4.223,-41.172],[1.372,-38.319],[-1.458,-38.319],[-4.223,-41.084],[-4.225,-41.082],[-50.109,-40.997],[-50.195,4.887],[-50.197,4.89],[-2.872,52.214],[2.786,52.214],[45.931,9.069],[50.198,4.802]],"c":true},"ix":2},"nm":"Caminho 1","mn":"ADBE Vector Shape - Group","hd":false},{"ty":"fl","c":{"a":0,"k":[0.941176470588,0.945098039216,0.949019607843,1],"ix":4},"o":{"a":0,"k":100,"ix":5},"r":1,"nm":"Preenchimento 1","mn":"ADBE Vector Graphic - Fill","hd":false},{"ty":"tr","p":{"a":0,"k":[63.052,54.027],"ix":2},"a":{"a":0,"k":[0,0],"ix":1},"s":{"a":0,"k":[100,100],"ix":3},"r":{"a":0,"k":0,"ix":6},"o":{"a":0,"k":100,"ix":7},"sk":{"a":0,"k":0,"ix":4},"sa":{"a":0,"k":0,"ix":5},"nm":"Transformar"}],"nm":"Grupo 1","np":2,"cix":2,"ix":1,"mn":"ADBE Vector Group","hd":false}],"ip":0,"op":15,"st":-15,"bm":0}],"markers":[]}